codigo,edad,i1,i2_1,i2_2,i2_3,i2_4,i2_5,i3,i4,i5,horas_dormidas_escrito,horas_cama_escrito,horas_cama_usado,regla_suma,eficiencia_pct,i6_calculado,i6_marcado,i6_coincide,i7,i8,i9,i10_1,i10_2,i10_3,i10_4,i10_5,i11,cos_gi,cos_gi_estado,dx_insomnio_cie10,dx_insomnio_dsmiv,dx_hipersomnio,observaciones
001,17,4,2,1,2,3,3,5,3,1,6.5,8.5,8.5,no,76,3,3,si,2,1,1,1,1,2,2,,1,22,completo,No,No,No,"fecha escrita ""08/14/2026""; se registra la fecha oficial de aplicacion | anulada -> COS10_1: casilla 2 (1-2 días) rellenada en negro, X válida en 1 (Ningún día)"
002,18,3,2,1,3,2,3,2,2,2,5h,1h,6,si,83,2,en blanco,n/a,3,2,2,1,1,3,2,4,4,19,completo,Si,No,No,"fecha escrita ""14/09/26"" (misma fecha, formato abreviado) | regla de suma: cama escrito 1 h < dormidas 5 h, se usa 6 h | duda del lector: fecha: escrita como 14/09/26 (año de 2 dígitos); coincide con 14/09/2026 pero el literal difiere | duda del lector: COS6_horas_cama_txt: leo '1h' con claridad (trazo de '1' con banderola, sin travesaño de '7'), pero es incoherente con las 5h dormidas; transcrito literal sin interpretar | duda del lector: ayuda_para_dormir_texto: la última letra de 'pastilla' puede leerse como 'o' ('pastillo'); transcrito como 'pastilla'"
003,19,4,2,1,3,2,2,3,3,4,5 h,6 h,6,no,83,2,4,no,2,3,2,1,1,4,2,2,1,22,completo,No,No,No,"item 6: el alumno marco 4, el calculo da 2 (83%); se puntua el calculado"
004,18,4,2,1,2,2,1,4,5,2,4,15min,4.25,si,94,1,5,no,2,2,2,1,1,1,2,1,1,21,completo,No,No,No,"casilla FECHA en blanco; se registra la fecha oficial de aplicacion | regla de suma: cama escrito 0.25 h < dormidas 4 h, se usa 4.25 h | item 6: el alumno marco 5, el calculo da 1 (94%); se puntua el calculado | anulada -> COS2_4: casilla 1 (Ningún día) rellenada en negro, X válida en 2 (1-2 días) | duda del lector: fecha_manuscrita: la casilla de FECHA quedó completamente vacía en el cuestionario | duda del lector: COS6_horas_cama_txt: escrito literalmente '15min'; no es un número de horas y es incoherente con el enunciado (¿el participante respondió otra cosa?). Transcrito tal cual, sin interpretar."
005,17,3,3,1,3,2,2,2,1,1,5,8.5,8.5,no,59,5,en blanco,n/a,4,3,3,1,1,1,2,1,1,22,completo,Si,No,No,"fecha escrita ""14/09/26"" (misma fecha, formato abreviado) | anulada -> COS6: casilla 5 (60% o menos) rellenada en negro solido; no hay ninguna X valida en el bloque de porcentajes | duda del lector: COS6_horas_cama_txt: el primer digito es un bucle cerrado con cruce arriba; lo leo como 8 (8.5), pero podria leerse como 0.5 o 6.5 | duda del lector: fecha_manuscrita: el ano esta escrito con dos digitos (14/09/26); la fecha coincide con 14/09/2026 pero el formato difiere"
006,19,3,3,1,4,2,1,1,1,1,5,6,6,no,83,2,en blanco,n/a,5,2,5,2,1,1,2,1,1,20,completo,Si,No,No,"fecha escrita ""14/09/26"" (misma fecha, formato abreviado)"
007,20,4,1,1,2,2,3,1,2,2,6 horas,5 a 6 horas,11.5,si,52,5,5,si,3,3,3,1,1,2,1,1,1,19,completo,No,No,No,"regla de suma: cama escrito 5.5 h < dormidas 6 h, se usa 11.5 h | duda del lector: COS6_horas_cama_txt: entre el 5 y el 6 hay un borron solido de tinta; lo mas probable es una 'a' ('5 a 6 horas'), pero podria ser un guion o un punto"
008,22,3,3,1,3,4,4,5,4,2,5,2,7,si,71,3,3,si,4,3,4,4,1,1,1,1,1,29,completo,Si,No,No,"fecha escrita ""14-09-26"" (misma fecha, formato abreviado) | regla de suma: cama escrito 2 h < dormidas 5 h, se usa 7 h | duda del lector: ayuda_para_dormir_texto: el recuadro solo contiene una raya horizontal, sin texto; lo transcribo como '-' | duda del lector: fecha_manuscrita: escrita con guiones y ano de dos digitos (14-09-26); la fecha coincide con 14/09/2026 pero el formato difiere"
009,19,4,2,1,3,3,3,2,1,1,5h,5h,5,no,100,1,1,si,2,3,4,1,1,5,1,3,1,16,completo,No,No,No,"fecha escrita ""14/09/26"" (misma fecha, formato abreviado) | anulada -> COS6: casilla 3 (71-80%) rellenada en negro, X válida en 1 (91-100%)"
010,19,4,1,1,2,1,1,1,2,1,5 h,7 h,7,no,71,3,5,no,2,2,2,1,1,2,1,1,1,14,completo,No,No,No,"item 6: el alumno marco 5, el calculo da 3 (71%); se puntua el calculado | duda del lector: COS6_horas_cama_txt: el digito esta reescrito/repasado encima de otro trazo; mejor lectura ""7 h"" (7 con barra), pero podria ser una correccion sobre otra cifra"
011,18,3,2,1,2,1,3,1,3,1,4.30 h,3,7.5,si,60,5,5,si,3,3,2,1,1,1,1,1,1,19,completo,No,No,No,"fecha escrita ""14-09-2026"" (misma fecha, formato abreviado) | regla de suma: cama escrito 3 h < dormidas 4.5 h, se usa 7.5 h | duda del lector: COS6: horas en cama ('3') es menor que horas dormidas ('4.30 h'); la transcripción es literal pero el dato parece incongruente (posible error del participante o unidad omitida) | duda del lector: fecha: la fecha escrita es 14-09-2026, misma fecha que la esperada pero con guiones en vez de barras"
012,20,3,,,,,3,2,2,,6h,1h,7,si,86,2,en blanco,n/a,4,5,4,,,,,1,,,no calculable(4/9),Indeterminado,No,No,"fecha escrita ""14/09/26"" (misma fecha, formato abreviado) | regla de suma: cama escrito 1 h < dormidas 6 h, se usa 7 h | insomnio NO calculado: falta(n) COS2_1, COS2_2, COS2_3, COS2_4, COS5 | duda del lector: Cuestionario muy incompleto: filas 2.1-2.4, item 5 (ni la opcion 1 de pg-1 ni las 2-5 de pg-2), el bloque de porcentajes del item 6, las filas 10.1-10.4 y el item 11 estan en blanco; revisadas ambas paginas con ampliacion y no hay ninguna marca | duda del lector: fecha_manuscrita: el ano esta escrito con dos digitos (14/09/26); la fecha coincide con 14/09/2026 pero el formato difiere"
013,23,3,4,3,4,3,3,5,4,2,5.5,7,7,no,79,3,en blanco,n/a,2,2,2,1,1,2,1,,1,30,completo,No,No,No,"fecha escrita ""14/09/26"" (misma fecha, formato abreviado) | duda del lector: fecha: escrita como 14/09/26 (año de 2 dígitos); coincide con 14/09/2026 pero el literal difiere"
014,18,4,3,2,2,3,4,2,3,3,6 h,7 h,7,no,86,2,2,si,2,4,2,2,1,3,1,1,1,22,completo,No,No,No,
015,19,4,1,2,2,4,3,1,5,3,6.5,,,no,,,1,n/a,4,3,2,1,1,2,1,,1,25,prorrateado(8/9),Si,No,No,"item 6 no calculable (falta o es ilegible una de las dos casillas) | insomnio NO calculado: falta(n) COS6 | anulada -> COS2_4: casilla 5 (6-7 dias) rellenada por completo en negro; la X valida esta en la casilla 4 (4-5 dias) | duda del lector: COS6_horas_cama_txt: la casilla de horas en cama quedo vacia | duda del lector: COS10_5 (Otros): la fila esta en blanco, sin aspa ni casilla anulada"
016,18,4,4,1,4,5,4,4,1,1,5.6,8,8,no,70,4,5,no,3,3,2,1,1,5,1,1,1,27,completo,Si,No,No,"item 6: el alumno marco 5, el calculo da 4 (70%); se puntua el calculado"
017,23,4,1,1,4,3,1,1,3,1,6 horas,6 horas 10 minutos,6.167,no,97,1,3,no,3,3,3,1,1,1,1,1,1,18,completo,Si,No,No,"fecha escrita ""14-09-26"" (misma fecha, formato abreviado) | item 6: el alumno marco 3, el calculo da 1 (97%); se puntua el calculado | duda del lector: COS6_horas_cama_txt: en la casilla inferior pone ""6 horas"" atravesado por una raya horizontal y, fuera de la casilla a la derecha, ""10 minutos""; se transcribe la union literal ""6 horas 10 minutos"", pero no puede descartarse que la raya anule ""6 horas"""
018,19,2,1,1,4,2,3,1,3,1,4,2,6,si,67,4,5,no,3,3,3,2,1,1,1,1,1,20,completo,Si,No,No,"regla de suma: cama escrito 2 h < dormidas 4 h, se usa 6 h | item 6: el alumno marco 5, el calculo da 4 (67%); se puntua el calculado"
019,19,3,4,5,2,5,4,3,2,3,5,1,6,si,83,2,5,no,4,2,4,1,1,1,1,1,3,30,completo,Si,No,No,"fecha escrita ""14/09/26"" (misma fecha, formato abreviado) | regla de suma: cama escrito 1 h < dormidas 5 h, se usa 6 h | item 6: el alumno marco 5, el calculo da 2 (83%); se puntua el calculado | duda del lector: Fecha escrita con año de dos dígitos ('14/09/26'); se transcribe literal. Coincide con 14/09/2026, por lo que no se marca 'fecha_distinta'. | duda del lector: COS6: horas en cama transcritas como '1' (dígito único, claro al ampliar), incoherente con '5' horas dormidas. Transcripción literal, sin interpretar. | duda del lector: ayuda_para_dormir_texto: letra cursiva; la lectura más probable es 'Gomas de Melatonina', pero el trazo podría leerse también como 'Gomar d Melatonina'."
020,19,6,1,1,2,3,1,1,1,2,6 horas y 30 min.,30 minutos,7,si,93,1,5,no,2,1,2,1,1,2,1,1,1,14,completo,No,No,No,"regla de suma: cama escrito 0.5 h < dormidas 6.5 h, se usa 7 h | item 6: el alumno marco 5, el calculo da 1 (93%); se puntua el calculado | duda del lector: COS6_horas_cama_txt: se transcribe literalmente '30 minutos'; el participante parece haber respondido con una duracion distinta a las horas en cama, pero la lectura del texto es clara"
021,17,3,1,1,4,5,1,1,2,2,5,"5,4",5.4,no,93,1,en blanco,n/a,4,2,1,2,1,5,2,1,1,21,completo,Si,No,No,"fecha escrita ""14/09/26"" (misma fecha, formato abreviado) | duda del lector: Fecha escrita con año de dos dígitos ('14/09/26'); se transcribe literal. Coincide con 14/09/2026, por lo que no se marca 'fecha_distinta'. | duda del lector: COS6 horas en cama: lo escrito es '5,4' (cinco, coma, cuatro). Se transcribe literal sin interpretar; podría querer decir '5-4' o '5,4 horas'."
022,18,4,1,1,1,2,2,1,1,1,7.5h,8h,8,no,94,1,2,no,2,2,2,1,1,2,1,1,1,11,completo,No,No,No,"fecha escrita ""14-09-2026"" (misma fecha, formato abreviado) | item 6: el alumno marco 2, el calculo da 1 (94%); se puntua el calculado | anulada -> COS6: casilla 1 (91-100%) rellenada en negro, X válida en 2 (81-90%) | duda del lector: fecha: escrita 14-09-2026, misma fecha esperada pero con guiones en vez de barras"
023,20,4,1,2,,1,1,1,2,2,5:30 a 6,5:30,11.25,si,51,5,2,no,2,3,2,1,1,2,2,1,1,18,prorrateado(8/9),No,No,No,"fecha escrita ""14-09-26"" (misma fecha, formato abreviado) | regla de suma: cama escrito 5.5 h < dormidas 5.75 h, se usa 11.25 h | item 6: el alumno marco 2, el calculo da 5 (51%); se puntua el calculado | insomnio NO calculado: falta(n) COS2_3 | duda del lector: COS2_3: la fila 2.3 'Lograr un sueno reparador' esta completamente en blanco, sin aspa ni casilla anulada | duda del lector: COS6_horas_dormidas_txt: entre '5:30' y '6' hay un caracter reescrito y emborronado; lo mas probable es una 'a' ('5:30 a 6')"
024,20,2,5,1,4,4,2,3,1,3,6,7,7,no,86,2,2,si,3,2,1,3,1,1,2,1,1,26,completo,Si,No,No,
025,18,5,1,1,2,2,1,1,2,1,5 horas,6 horas,6,no,83,2,2,si,3,4,2,1,1,2,1,1,1,15,completo,No,No,No,"fecha escrita ""14-09-26"" (misma fecha, formato abreviado) | duda del lector: Fecha escrita con guiones y año de dos dígitos ('14-09-26'); se transcribe literal. Corresponde al 14/09/2026, por lo que no se marca 'fecha_distinta'. | duda del lector: COS5: la X está en la opción 1 ('Se ha despertado como siempre') al pie de la página 1; las opciones 2 a 5 del inicio de la página 2 están todas en blanco, verificado."
026,20,4,3,4,2,2,3,2,3,2,5,1,6,si,83,2,5,no,2,3,2,1,1,2,2,1,1,22,completo,No,No,No,"fecha escrita ""14/09""; se registra la fecha oficial de aplicacion | regla de suma: cama escrito 1 h < dormidas 5 h, se usa 6 h | item 6: el alumno marco 5, el calculo da 2 (83%); se puntua el calculado | duda del lector: fecha_manuscrita: solo se escribio '14/09', sin anio | duda del lector: COS6_horas_cama_txt: el trazo se lee con claridad como '1', pero es incoherente con las 5 horas dormidas; transcrito literal sin interpretar"
027,19,4,5,5,5,4,4,2,5,5,3,7,7,no,43,5,3,no,4,4,5,1,1,3,2,1,1,40,completo,Si,No,No,"fecha escrita ""14/9/2026"" (misma fecha, formato abreviado) | item 6: el alumno marco 3, el calculo da 5 (43%); se puntua el calculado | duda del lector: fecha_manuscrita escrita como '14/9/2026' (misma fecha que 14/09/2026, sin cero inicial); no se marca fecha_distinta por tratarse solo del formato"
028,18,4,2,4,2,2,4,1,2,1,4 h,5 h,5,no,80,3,5,no,4,5,4,1,1,5,2,1,1,21,completo,Si,No,No,"fecha escrita ""14/09/26"" (misma fecha, formato abreviado) | item 6: el alumno marco 5, el calculo da 3 (80%); se puntua el calculado"
029,19,5,2,1,2,1,1,1,2,2,6 h,7h,7,no,86,2,en blanco,n/a,2,2,2,1,1,1,1,1,1,15,completo,No,No,No,"fecha escrita ""14-09-2026"" (misma fecha, formato abreviado)"
030,18,4,3,1,2,2,3,1,5,2,5h,6h,6,no,83,2,2,si,2,2,2,1,1,1,2,1,1,20,completo,No,No,No,"fecha escrita ""14-09-26"" (misma fecha, formato abreviado)"
031,17,5,1,1,1,2,1,1,2,1,6 horas,7 horas,7,no,86,2,5,no,2,2,2,1,1,,2,1,1,13,completo,No,No,No,"fecha escrita ""14/09/26"" (misma fecha, formato abreviado) | item 6: el alumno marco 5, el calculo da 2 (86%); se puntua el calculado | duda del lector: COS10_3 (movimientos de las piernas): la fila esta completamente vacia, los cinco numeros se leen sin ningun trazo encima; se deja null | duda del lector: edad: el '17 anos' esta repasado varias veces con el boligrafo; la lectura mas probable es 17, pero el trazo grueso impide descartar por completo otra cifra | duda del lector: fecha_manuscrita escrita como '14/09/26' (ano de dos cifras); misma fecha que 14/09/2026, no se marca fecha_distinta"
032,19,4,1,2,,,,1,3,1,6 h,10 h,10,no,60,5,5,si,3,4,2,1,1,5,1,2,1,21,prorrateado(7/9),Indeterminado,No,No,"insomnio NO calculado: falta(n) COS2_3, COS2_4 | hipersomnio NO calculado: falta(n) COS2_5"
033,18,3,2,1,4,1,5,2,1,1,5,5:30,5.5,no,91,1,en blanco,n/a,4,5,3,1,1,1,1,1,1,17,completo,Si,No,No,"fecha escrita ""14-09-26"" (misma fecha, formato abreviado) | duda del lector: fecha: escrita como 14-09-26 (guiones y año de 2 dígitos); coincide con 14/09/2026 pero el literal difiere | duda del lector: COS6_horas_cama_txt: el separador son dos pequeños bucles superpuestos; lo leo como ':' (5:30), aunque podría interpretarse como ';' | duda del lector: COS6_horas_dormidas_txt ('5') es menor que las horas en cama ('5:30'), coherente, pero el participante dejó en blanco el bloque de porcentajes"
034,18,5,1,1,2,1,1,1,2,1,6,0.08 h,6.08,si,99,1,en blanco,n/a,1,2,2,1,1,1,1,1,1,11,completo,No,No,No,"fecha escrita ""14-09-26"" (misma fecha, formato abreviado) | regla de suma: cama escrito 0.08 h < dormidas 6 h, se usa 6.08 h | duda del lector: COS6_horas_cama_txt: se lee con claridad '0.08 h', valor incoherente con las 6 h dormidas; se transcribe literal sin interpretar"
035,18,2,4,1,5,4,3,2,1,1,4,1,5,si,80,3,3,si,3,3,2,1,1,1,2,1,1,24,completo,Si,No,No,"fecha escrita ""14/09/26"" (misma fecha, formato abreviado) | regla de suma: cama escrito 1 h < dormidas 4 h, se usa 5 h | duda del lector: COS6_horas_cama_txt: el trazo se lee con claridad como '1', pero es incoherente con las 4 horas dormidas; transcrito literal sin interpretar"
036,19,4,2,1,1,2,1,2,3,3,6h,5h,11,si,55,5,2,no,2,2,2,2,1,1,2,1,1,21,completo,No,No,No,"regla de suma: cama escrito 5 h < dormidas 6 h, se usa 11 h | item 6: el alumno marco 2, el calculo da 5 (55%); se puntua el calculado"
037,19,3,2,3,3,2,2,2,2,3,5h,0.5 h,5.5,si,91,1,en blanco,n/a,3,2,2,2,1,1,1,1,1,21,completo,Si,No,No,"fecha escrita ""14/09/26"" (misma fecha, formato abreviado) | regla de suma: cama escrito 0.5 h < dormidas 5 h, se usa 5.5 h | duda del lector: COS6_horas_cama_txt: se lee con claridad '0.5 h', pero es incoherente con las 5 h dormidas; se transcribe literal sin interpretar"
038,18,3,1,2,2,4,2,1,2,2,"4,5","0,5",5,si,90,2,2,si,2,2,2,1,1,5,3,2,1,18,completo,No,No,No,"fecha escrita ""14-09-26"" (misma fecha, formato abreviado) | regla de suma: cama escrito 0.5 h < dormidas 4.5 h, se usa 5 h | duda del lector: COS6_horas_cama_txt: se lee con claridad '0,5', pero es incoherente con las 4,5 horas dormidas; transcrito literal sin interpretar"
039,19,3,4,4,4,5,4,4,3,2,5 h.,2 h.,7,si,71,3,5,no,4,5,4,2,2,4,5,4,1,33,completo,Si,No,No,"fecha escrita ""14-09-26"" (misma fecha, formato abreviado) | regla de suma: cama escrito 2 h < dormidas 5 h, se usa 7 h | item 6: el alumno marco 5, el calculo da 3 (71%); se puntua el calculado | duda del lector: fecha_manuscrita: escrita con guiones y ano de dos digitos (14-09-26); la fecha coincide con 14/09/2026 pero el formato difiere"
040,18,5,1,2,2,3,1,1,3,1,7 horas,7horas y 30min,7.5,no,93,1,5,no,2,2,2,1,1,2,3,1,1,16,completo,No,No,No,"fecha escrita ""14/09/26"" (misma fecha, formato abreviado) | item 6: el alumno marco 5, el calculo da 1 (93%); se puntua el calculado | duda del lector: fecha_manuscrita escrita como '14/09/26' (ano de dos cifras); es la misma fecha que 14/09/2026, por eso no se marca fecha_distinta"
041,20,2,2,2,1,1,3,1,1,2,5,8.30,8.5,no,59,5,5,si,4,4,4,1,1,4,2,1,1,19,completo,No,No,No,"fecha escrita ""14/09/26"" (misma fecha, formato abreviado) | duda del lector: COS6_horas_cama_txt: el primer digito esta repasado varias veces y muy entintado; mi mejor lectura es 8 (8.30), pero podria ser un 6 corregido | duda del lector: fecha_manuscrita: el ano esta escrito con dos digitos (14/09/26); la fecha coincide con 14/09/2026 pero el formato difiere"
042,18,4,2,2,2,3,3,2,2,1,5 h,6 h,6,no,83,2,2,si,3,2,3,1,1,1,1,1,1,19,completo,Si,No,No,"fecha escrita ""14 09 2026"" (misma fecha, formato abreviado) | duda del lector: fecha_manuscrita escrita sin barras, '14 09 2026' (misma fecha que 14/09/2026); no se marca fecha_distinta por tratarse solo del formato"
043,17,4,2,1,4,2,1,3,2,4,"7,5",8,8,no,94,1,1,si,4,3,,1,1,3,1,,1,23,completo,Si,No,No,"fecha escrita ""14/09/26"" (misma fecha, formato abreviado) | hipersomnio NO calculado: falta(n) COS9"
044,20,3,4,3,4,,3,5,3,3,5 horas,2 horas,7,si,71,3,en blanco,n/a,3,2,2,2,2,2,5,5,2,32,prorrateado(8/9),Si,No,No,"fecha escrita ""14/09/26"" (misma fecha, formato abreviado) | regla de suma: cama escrito 2 h < dormidas 5 h, se usa 7 h | insomnio NO calculado: falta(n) COS2_4 | duda del lector: Fecha escrita con año de dos dígitos ('14/09/26'); se transcribe literal. Coincide con 14/09/2026, por lo que no se marca 'fecha_distinta'. | duda del lector: COS6: el participante escribió '5 horas' dormidas y '2 horas' en cama, valores incoherentes entre sí (menos horas en cama que dormidas). La transcripción es literal y segura; la incoherencia es del propio cuestionario."
045,18,3,2,1,2,5,2,3,2,1,6h,5min,6.083,si,99,1,5,no,3,3,4,1,1,2,2,1,1,20,completo,Si,No,No,"fecha escrita ""14/9/26"" (misma fecha, formato abreviado) | regla de suma: cama escrito 0.08333 h < dormidas 6 h, se usa 6.083 h | item 6: el alumno marco 5, el calculo da 1 (99%); se puntua el calculado | duda del lector: COS6_horas_cama_txt: lo escrito se lee claramente como ""5min"", valor implausible para horas en cama; se transcribe literal sin interpretar"
046,21,2,3,5,5,1,5,2,2,1,6,7,7,no,86,2,5,no,5,5,5,5,,,,,5,26,completo,Si,Si,No,"fecha escrita ""14/09/26"" (misma fecha, formato abreviado) | item 6: el alumno marco 5, el calculo da 2 (86%); se puntua el calculado | anulada -> COS3: casilla 3 (31-45 minutos) rellenada por completo en negro; la X valida esta en la casilla 2 (16-30 minutos)"
047,18,3,2,1,3,1,1,4,2,1,6 h,7 h,7,no,86,2,4,no,2,3,1,2,1,1,3,2,1,18,completo,No,No,No,"fecha escrita ""14/09/26"" (misma fecha, formato abreviado) | item 6: el alumno marco 4, el calculo da 2 (86%); se puntua el calculado"
048,22,4,2,1,2,1,3,1,3,4,7:,1,8,si,88,2,en blanco,n/a,2,2,2,1,1,1,2,1,2,18,completo,No,No,No,"regla de suma: cama escrito 1 h < dormidas 7 h, se usa 8 h | duda del lector: COS6_horas_dormidas_txt: se lee claramente un 7 seguido de dos puntos y nada más ('7:'); la anotación parece quedar incompleta (¿faltan los minutos?). Transcrito literal, sin interpretar. | duda del lector: COS6_horas_cama_txt: un único trazo que leo como '1'. Un valor de 1 hora en cama es extraño; el escaneo es bitonal y podría haberse perdido algún trazo tenue (p. ej. un segundo dígito o un '9')."
049,19,3,2,2,4,4,2,1,3,1,6,6,6,no,100,1,5,no,4,3,4,1,1,1,1,2,4,22,completo,Si,No,No,"fecha escrita ""19-09-26""; se registra la fecha oficial de aplicacion | item 6: el alumno marco 5, el calculo da 1 (100%); se puntua el calculado | anulada -> COS9: la casilla 2 (1-2 dias) esta tapada con un rayado denso que la anula; el aspa valida esta en la casilla 4 (4-5 dias) | duda del lector: COS9: la marca anulada de la casilla 2 es un rayado tupido, no un cuadro negro perfectamente solido, pero el patron es el de correccion tapada; se toma como valida la X limpia de la casilla 4."
050,20,4,1,1,2,4,1,2,2,2,5 horas,2 horas,7,si,71,3,en blanco,n/a,2,2,2,1,1,1,1,1,1,19,completo,No,No,No,"regla de suma: cama escrito 2 h < dormidas 5 h, se usa 7 h | duda del lector: COS6_horas_cama_txt: el primer caracter tiene el bucle superior cerrado; lo leo como 2 (coincide con la forma del 2 del codigo y de la edad de este mismo participante), pero podria ser un 9"
051,20,3,2,1,1,3,2,3,2,1,7 horas,"3,5 horas",10.5,si,67,4,en blanco,n/a,4,2,2,1,1,5,1,1,1,21,completo,Si,No,No,"fecha escrita ""14/09/26"" (misma fecha, formato abreviado) | regla de suma: cama escrito 3.5 h < dormidas 7 h, se usa 10.5 h | duda del lector: COS6_horas_dormidas_txt: el digito esta retrazado y emborronado; mejor lectura '7' (siete cruzado), pero podria ser otro digito corregido encima | duda del lector: COS6: horas dormidas (7) mayores que horas en cama (3,5); incoherencia del propio cuestionario, transcrito literal"
052,18,4,2,2,4,2,3,3,3,4,5.5 h.,7 h,7,no,79,3,3,si,4,4,5,3,1,4,1,1,1,27,completo,Si,No,No,"fecha escrita ""14-09-2026"" (misma fecha, formato abreviado) | anulada -> COS6: casilla 5 (60% o menos) rellenada en negro, X válida en 3 (71-80%) | anulada -> COS9: celda '4-5 días' rellenada en negro, X válida en '6-7 días' (5) | duda del lector: fecha: escrita 14-09-2026, misma fecha esperada pero con guiones en vez de barras"
053,19,4,2,1,5,2,2,3,3,2,7;15,9,9,no,81,2,5,no,3,2,2,1,1,1,2,3,2,23,completo,Si,No,No,"item 6: el alumno marco 5, el calculo da 2 (81%); se puntua el calculado"
054,17,5,1,2,1,2,3,2,5,3,5 h,6 h,6,no,83,2,3,no,3,2,2,1,1,3,2,1,1,21,completo,No,No,No,"fecha escrita ""14/09/26"" (misma fecha, formato abreviado) | item 6: el alumno marco 3, el calculo da 2 (83%); se puntua el calculado"
055,20,3,5,2,4,1,4,2,,1,6h,2h,8,si,75,3,3,si,3,4,4,1,1,1,1,1,1,24,prorrateado(8/9),Si,No,No,"fecha escrita ""14/09/26"" (misma fecha, formato abreviado) | regla de suma: cama escrito 2 h < dormidas 6 h, se usa 8 h | insomnio NO calculado: falta(n) COS4 | duda del lector: COS4: hay dos aspas limpias (opcion 3 '2 veces' y opcion 5 'Mas de 3 veces'), ninguna anulada en negro; se deja null por doble marca. | duda del lector: COS6: las horas en cama (2h) son menos que las horas dormidas (6h), lo que es incoherente; ademas el participante escribio a mano '= 3h' fuera del recuadro, como si hubiera dividido 6/2. Se transcribe literal lo que hay en cada casilla sin corregir. | duda del lector: Item 10: las aspas de las cinco filas se solapan entre si en la columna 'Ningun dia'; se leen todas como columna 1, pero el trazo es continuo entre filas."
056,22,4,1,1,1,2,1,2,3,2,5h,6h,6,no,83,2,4,no,3,2,1,1,1,1,2,1,1,17,completo,No,No,No,"fecha escrita ""14/9/26"" (misma fecha, formato abreviado) | item 6: el alumno marco 4, el calculo da 2 (83%); se puntua el calculado | duda del lector: COS6_horas_dormidas_txt: la grafia es algo ambigua; leida como ""5h"" (trazo superior recto, distinto del ""6h"" de la casilla de cama)"
057,18,4,4,3,4,1,1,3,4,4,6h,1h,7,si,86,2,5,no,2,3,3,1,1,1,3,1,1,27,completo,No,No,No,"fecha escrita ""14/09/26"" (misma fecha, formato abreviado) | regla de suma: cama escrito 1 h < dormidas 6 h, se usa 7 h | item 6: el alumno marco 5, el calculo da 2 (86%); se puntua el calculado | duda del lector: Fecha escrita con año de dos dígitos ('14/09/26'); se transcribe literal. Coincide con 14/09/2026, por lo que no se marca 'fecha_distinta'. | duda del lector: COS6 horas en cama: el trazo ampliado es claramente '1h' (no '7h'), pero es incoherente con '6h' dormidas. Se transcribe literal sin interpretar."
